,X,Y
0,0,0
1,0,68
2,0,70
3,0,70
4,0,69
5,0,70
6,0,69
7,0,70
8,0,68
9,0,68
10,0,68
11,0,68
12,0,68
13,1,67
14,1,68
15,1,69
16,1,71
17,1,69
18,1,69
19,1,70
20,1,69
21,1,70
22,1,69
23,1,68
24,1,69
25,1,69
26,1,69
27,2,68
28,2,67
29,2,70
30,2,68
31,2,70
32,2,70
33,2,70
34,2,69
35,2,70
36,3,68
37,3,68
38,3,70
39,3,69
40,3,70
41,4,67
42,4,69
43,4,70
44,4,69
45,5,69
46,5,69
47,5,70
48,5,69
49,6,68
50,6,71
51,6,71
52,6,71
53,7,69
54,7,71
55,7,72
56,8,69
57,8,70
58,8,70
59,9,71
60,9,72
61,9,71
62,10,69
63,10,72
64,10,73
65,11,73
66,11,74
67,11,74
68,12,72
69,12,74
70,13,74
71,13,76
72,14,76
73,14,78
74,15,78
75,15,74
76,16,75
77,16,76
78,17,75
79,17,77
80,18,77
81,18,76
82,19,77
83,19,79
84,20,74
85,20,77
86,21,77
87,21,78
88,22,76
89,22,79
90,23,80
91,23,79
92,24,79
93,24,74
94,25,69
95,25,67
96,26,61
97,26,62
98,27,64
99,27,60
100,28,69
101,28,50
102,29,56
103,29,40
104,30,70
105,30,42
106,31,56
107,31,1
108,32,35
109,32,1
110,33,1
111,33,28
112,34,1
113,34,478
114,35,1
115,35,1
116,36,1
117,36,1
118,37,1
119,37,1228
120,38,1
121,38,1
122,39,1
123,39,488
124,40,480
125,40,489
126,41,478
127,41,456
128,42,455
129,42,1
130,43,477
131,43,491
132,44,471
133,45,494
134,46,477
135,47,474
136,48,469
137,49,479
138,50,468
139,51,464
140,52,479
141,53,477
142,54,482
143,55,493
144,56,500
145,57,485
146,58,490
147,59,496
148,60,514
149,61,1
150,62,1
151,63,460
152,64,500
153,65,1
154,66,1
155,67,1
156,68,1
157,69,1
158,70,457
159,71,1
160,72,1
161,73,1
162,74,1
163,75,1
164,76,1
165,77,1
166,78,1
167,79,1
168,80,1
169,81,1
170,82,1
171,83,1
172,84,1
173,85,1
174,86,1
175,87,1
176,88,1
177,89,337
178,90,357
179,91,372
180,92,355
181,93,369
182,94,382
183,95,364
184,96,1
185,97,1
186,98,355
187,99,1
188,100,1
189,101,1
190,102,1
191,103,1
192,104,1
193,105,1
194,106,1
195,107,1
196,108,1
197,109,1
198,110,1
199,111,1
200,112,1
201,113,1
202,114,1
203,115,1
204,116,1
205,117,25
206,118,1
207,119,1
208,120,1
209,121,65
210,122,19
211,123,1
212,124,17
213,125,5
214,126,5
215,127,5
216,128,5
217,129,5
218,130,32
219,131,1
220,132,18
221,133,42
222,134,28
223,135,38
224,136,12
225,137,24
226,138,5
227,139,17
228,140,5
229,141,5
230,142,4
231,143,32
232,144,29
233,145,5
234,146,19
235,147,5
236,148,5
237,149,22
238,150,8
239,151,22
240,152,15
241,153,5
242,154,37
243,155,39
244,156,12
245,157,1
246,158,22
247,159,47
248,160,5
249,161,5
250,162,42
251,163,22
252,164,33
253,165,28
254,166,25
255,167,5
256,168,17
257,169,28
258,170,47
259,171,18
260,172,44
261,173,45
262,174,30
263,175,9
264,176,23
265,177,25
266,178,22
267,179,29
268,180,13
269,181,45
270,182,17
271,183,22
272,184,35
273,185,37
274,186,30
275,187,49
276,188,52
277,189,75
278,190,63
279,191,70
280,192,68
281,193,68
282,194,66
283,195,57
284,196,60
285,197,59
286,198,57
287,199,49
288,200,50
289,201,43
290,202,53
291,203,33
292,204,38
293,205,38
294,206,88
295,207,103
296,208,118
297,209,118
298,210,119
299,211,116
300,212,122
301,213,120
302,214,119
303,215,122
304,216,122
305,217,120
306,218,122
307,219,121
308,220,120
309,221,120
310,222,122
311,223,119
312,224,119
313,225,120
314,226,121
315,227,119
316,228,120
317,228,121
318,229,122
319,229,120
320,230,121
321,230,120
322,231,123
323,231,119
324,232,121
325,232,122
326,233,123
327,233,121
328,234,121
329,234,122
330,235,123
331,235,121
332,236,122
333,236,122
334,237,123
335,237,122
336,238,122
337,238,123
338,239,123
339,239,123
340,240,123
341,240,123
342,241,125
343,241,124
344,242,123
345,242,125
346,243,125
347,243,125
348,244,124
349,244,126
350,245,126
351,245,126
352,246,126
353,246,128
354,247,128
355,247,128
356,248,127
357,248,127
358,249,128
359,249,126
360,250,126
361,250,126
362,250,128
363,251,126
364,251,126
365,251,127
366,252,125
367,252,125
368,252,126
369,253,123
370,253,124
371,253,126
372,254,123
373,254,125
374,254,125
375,254,123
376,255,124
377,255,124
378,255,124
379,255,124
380,255,124
381,256,124
382,256,127
383,256,129
384,256,126
385,256,129
386,256,129
387,256,130
388,256,129
389,255,128
390,255,126
391,255,124
392,255,130
393,255,117
394,254,118
395,254,118
396,254,116
397,254,118
398,253,116
399,253,114
400,253,113
401,252,117
402,252,110
403,252,112
404,251,114
405,251,112
406,251,110
407,250,116
408,250,114
409,250,109
410,249,115
411,249,116
412,248,113
413,248,118
414,247,117
415,247,120
416,246,119
417,246,121
418,245,120
419,245,121
420,244,119
421,244,122
422,243,121
423,243,122
424,242,121
425,242,122
426,241,120
427,241,122
428,240,121
429,240,123
430,239,120
431,239,121
432,238,119
433,238,121
434,237,119
435,237,120
436,236,119
437,236,119
438,235,118
439,235,119
440,234,119
441,234,120
442,233,119
443,233,121
444,232,119
445,232,119
446,231,119
447,231,119
448,230,118
449,230,118
450,229,117
451,229,117
452,228,117
453,228,120
454,227,119
455,226,120
456,225,113
457,224,100
458,223,101
459,222,103
460,221,102
461,220,98
462,219,98
463,218,93
464,217,91
465,216,87
466,215,87
467,214,85
468,213,76
469,212,73
470,211,65
471,210,64
472,209,68
473,208,61
474,207,57
475,206,62
476,205,71
477,204,63
478,203,65
479,202,49
480,201,52
481,200,52
482,199,44
483,198,45
484,197,55
485,196,52
486,195,55
487,194,61
488,193,59
489,192,58
490,191,60
491,190,65
492,189,60
493,188,59
494,187,54
495,186,53
496,185,50
497,184,48
498,183,27
499,182,27
500,181,34
501,180,23
502,179,23
503,178,44
504,177,23
505,176,32
506,175,22
507,174,24
508,173,12
509,172,22
510,171,18
511,170,19
512,169,19
513,168,18
514,167,19
515,166,24
516,165,8
517,164,20
518,163,28
519,162,20
520,161,19
521,160,29
522,159,30
523,158,22
524,157,20
525,156,29
526,155,8
527,154,33
528,153,15
529,152,5
530,151,1
531,150,23
532,149,5
533,148,25
534,147,30
535,146,23
536,145,5
537,144,18
538,143,32
539,142,9
540,141,5
541,140,5
542,139,15
543,138,33
544,137,33
545,136,9
546,135,5
547,134,5
548,133,19
549,132,5
550,131,13
551,130,29
552,129,5
553,128,44
554,127,28
555,126,5
556,125,18
557,124,40
558,123,5
559,122,30
560,121,4
561,120,1
562,119,35
563,118,8
564,117,1
565,116,1
566,115,28
567,114,5
568,113,5
569,112,7
570,111,5
571,110,1
572,109,1
573,108,1
574,107,14
575,106,1
576,105,1
577,104,1
578,103,99
579,102,1
580,101,1
581,100,1
582,99,1
583,98,1
584,97,1
585,96,1
586,95,1
587,94,1
588,93,1
589,92,1
590,91,1
591,90,1
592,89,1
593,88,1
594,87,1
595,86,1
596,85,1
597,84,1
598,83,350
599,82,1
600,81,318
601,80,1
602,79,373
603,78,372
604,77,1
605,76,398
606,75,356
607,74,1
608,73,1
609,72,1
610,71,1
611,70,1
612,69,1
613,68,1
614,67,1
615,66,6355
616,65,1
617,64,1
618,63,1
619,62,1
620,61,1
621,60,1
622,59,1
623,58,1
624,57,450
625,56,461
626,55,1
627,54,483
628,53,1
629,52,1
630,51,1
631,50,1
632,49,490
633,48,462
634,47,486
635,46,494
636,45,496
637,44,480
638,43,461
639,42,487
640,41,476
641,40,463
642,39,486
643,38,471
644,37,470
645,36,473
646,35,1
647,34,472
648,33,480
649,32,474
650,31,1
651,30,1
652,29,1
653,28,461
654,27,1
655,26,1
656,25,43
657,24,35
658,23,60
659,22,70
660,21,59
661,20,62
662,19,63
663,18,70
664,17,69
665,16,68
666,15,72
667,14,74
668,13,73
669,12,75
670,11,72
671,10,73
672,9,73
673,8,71
674,7,70
675,6,68
676,5,67
677,4,65
678,3,66
679,2,65
680,1,64
681,0,63
682,-1,63
683,-2,62
684,-3,61
685,-4,61
686,-5,61
687,-6,61
688,-7,62
689,-8,61
690,-9,62
691,-10,62
692,-11,62
693,-12,62
694,-13,62
695,-14,62
696,-15,63
697,-16,64
698,-17,64
699,-18,64
700,-19,64
701,-20,64
702,-21,64
703,-22,63
704,-23,62
705,-24,63
706,-25,63
707,-26,62
708,-27,63
709,-28,63
710,-29,62
711,-30,60
712,-31,59
713,-32,58
714,-33,59
715,-34,60
716,-35,61
717,-36,62
718,-37,63
719,-38,66
720,-39,67
721,-40,67
722,-41,67
723,-42,67
724,-43,68
725,-44,66
726,-45,66
727,-46,67
728,-47,67
729,-48,66
730,-49,68
731,-50,67
732,-51,67
733,-52,68
734,-53,66
735,-54,68
736,-55,68
737,-56,68
738,-57,68
739,-58,68
740,-59,69
741,-60,69
742,-61,69
743,-62,69
744,-63,68
745,-64,69
746,-65,69
747,-66,68
748,-67,68
749,-68,68
750,-69,68
751,-70,69
752,-71,68
753,-72,68
754,-73,69
755,-74,69
756,-75,69
757,-76,69
758,-77,68
759,-78,69
760,-79,68
761,-80,69
762,-81,68
763,-82,68
764,-83,69
765,-84,69
766,-85,70
767,-86,71
768,-87,69
769,-88,70
770,-89,69
771,-90,68
772,-91,67
773,-92,66
774,-93,65
775,-94,65
776,-95,64
777,-96,64
778,-97,64
779,-98,65
780,-99,65
781,-100,66
782,-101,65
783,-102,65
784,-103,65
785,-104,65
786,-105,65
787,-106,65
788,-107,65
789,-108,65
790,-109,65
791,-110,66
792,-111,65
793,-112,66
794,-113,66
795,-114,66
796,-115,66
797,-116,67
798,-117,66
799,-118,67
800,-119,67
801,-120,67
802,-121,68
803,-122,71
804,-123,73
805,-124,74
806,-125,76
807,-126,79
808,-127,80
809,-128,85
810,-129,90
811,-130,105
812,-131,113
813,-132,118
814,-133,116
815,-134,123
816,-135,130
817,-136,131
818,-137,123
819,-138,127
820,-139,118
821,-140,122
822,-141,119
823,-142,120
824,-143,113
825,-144,117
826,-145,109
827,-146,113
828,-147,109
829,-148,107
830,-149,110
831,-150,109
832,-151,108
833,-152,104
834,-153,106
835,-154,104
836,-155,111
837,-156,110
838,-157,103
839,-158,110
840,-159,107
841,-160,104
842,-161,104
843,-162,107
844,-163,97
845,-164,94
846,-165,89
847,-166,83
848,-167,79
849,-168,75
850,-169,74
851,-170,75
852,-171,72
853,-172,69
854,-173,66
855,-174,65
856,-175,64
857,-176,65
858,-177,62
859,-178,62
860,-179,63
861,-180,62
862,-181,63
863,-182,63
864,-183,62
865,-184,62
866,-185,63
867,-186,62
868,-187,62
869,-188,62
870,-189,63
871,-190,63
872,-191,63
873,-192,63
874,-193,63
875,-194,63
876,-195,63
877,-196,63
878,-197,64
879,-198,65
880,-199,64
881,-200,65
882,-201,66
883,-202,66
884,-203,67
885,-204,70
886,-205,71
887,-206,76
888,-207,79
889,-208,82
890,-209,83
891,-210,83
892,-211,84
893,-212,83
894,-213,82
895,-214,84
896,-215,82
897,-216,83
898,-217,82
899,-218,82
900,-219,82
901,-220,83
902,-221,81
903,-222,82
904,-223,81
905,-224,81
906,-225,80
907,-226,81
908,-227,81
909,-228,80
910,-228,81
911,-229,80
912,-229,80
913,-230,81
914,-230,82
915,-231,80
916,-231,81
917,-232,81
918,-232,80
919,-233,81
920,-233,81
921,-234,81
922,-234,82
923,-235,82
924,-235,82
925,-236,83
926,-236,82
927,-237,81
928,-237,82
929,-238,81
930,-238,82
931,-239,81
932,-239,82
933,-240,81
934,-240,79
935,-241,84
936,-241,83
937,-242,69
938,-242,77
939,-243,67
940,-243,73
941,-244,73
942,-244,73
943,-245,77
944,-245,65
945,-246,62
946,-246,56
947,-247,73
948,-247,67
949,-248,63
950,-248,67
951,-249,63
952,-249,61
953,-250,51
954,-250,50
955,-250,66
956,-251,53
957,-251,50
958,-251,58
959,-252,49
960,-252,54
961,-252,48
962,-253,48
963,-253,50
964,-253,54
965,-254,42
966,-254,56
967,-254,56
968,-254,55
969,-255,51
970,-255,52
971,-255,53
972,-255,53
973,-255,45
974,-256,56
975,-256,55
976,-256,53
977,-256,54
978,-256,54
979,-256,55
980,-256,48
981,-256,51
982,-255,52
983,-255,56
984,-255,53
985,-255,54
986,-255,43
987,-254,51
988,-254,50
989,-254,52
990,-254,55
991,-253,51
992,-253,48
993,-253,56
994,-252,47
995,-252,52
996,-252,50
997,-251,49
998,-251,44
999,-251,57
1000,-250,40
1001,-250,60
1002,-249,67
1003,-249,63
1004,-249,53
1005,-248,59
1006,-248,54
1007,-247,62
1008,-247,55
1009,-246,33
1010,-246,50
1011,-245,56
1012,-245,68
1013,-244,68
1014,-244,72
1015,-243,68
1016,-243,72
1017,-242,66
1018,-242,79
1019,-241,72
1020,-241,73
1021,-240,77
1022,-240,80
1023,-239,80
1024,-239,80
1025,-238,79
1026,-238,81
1027,-237,80
1028,-237,80
1029,-236,79
1030,-236,81
1031,-235,80
1032,-235,79
1033,-234,79
1034,-234,80
1035,-233,79
1036,-233,81
1037,-232,77
1038,-232,80
1039,-231,79
1040,-231,80
1041,-230,78
1042,-230,79
1043,-229,79
1044,-229,79
1045,-228,79
1046,-228,79
1047,-227,79
1048,-226,79
1049,-225,79
1050,-224,79
1051,-223,80
1052,-222,80
1053,-221,80
1054,-220,80
1055,-219,81
1056,-218,81
1057,-217,80
1058,-216,80
1059,-215,81
1060,-214,80
1061,-213,80
1062,-212,81
1063,-211,81
1064,-210,80
1065,-209,82
1066,-208,80
1067,-207,80
1068,-206,77
1069,-205,74
1070,-204,71
1071,-203,68
1072,-202,66
1073,-201,64
1074,-200,64
1075,-199,64
1076,-198,64
1077,-197,64
1078,-196,62
1079,-195,62
1080,-194,62
1081,-193,63
1082,-192,62
1083,-191,63
1084,-190,62
1085,-189,63
1086,-188,62
1087,-187,62
1088,-186,62
1089,-185,62
1090,-184,62
1091,-183,62
1092,-182,62
1093,-181,62
1094,-180,61
1095,-179,62
1096,-178,61
1097,-177,61
1098,-176,62
1099,-175,63
1100,-174,61
1101,-173,61
1102,-172,62
1103,-171,63
1104,-170,64
1105,-169,69
1106,-168,69
1107,-167,72
1108,-166,72
1109,-165,74
1110,-164,77
1111,-163,88
1112,-162,90
1113,-161,96
1114,-160,103
1115,-159,103
1116,-158,111
1117,-157,111
1118,-156,111
1119,-155,108
1120,-154,109
1121,-153,106
1122,-152,111
1123,-151,109
1124,-150,110
1125,-149,107
1126,-148,108
1127,-147,114
1128,-146,115
1129,-145,114
1130,-144,113
1131,-143,112
1132,-142,117
1133,-141,120
1134,-140,115
1135,-139,116
1136,-138,129
1137,-137,135
1138,-136,145
1139,-135,150
1140,-134,142
1141,-133,147
1142,-132,144
1143,-131,146
1144,-130,142
1145,-129,136
1146,-128,116
1147,-127,112
1148,-126,96
1149,-125,81
1150,-124,77
1151,-123,74
1152,-122,72
1153,-121,71
1154,-120,71
1155,-119,69
1156,-118,69
1157,-117,68
1158,-116,68
1159,-115,68
1160,-114,68
1161,-113,67
1162,-112,67
1163,-111,67
1164,-110,65
1165,-109,65
1166,-108,64
1167,-107,64
1168,-106,64
1169,-105,64
1170,-104,63
1171,-103,64
1172,-102,63
1173,-101,64
1174,-100,64
1175,-99,64
1176,-98,63
1177,-97,64
1178,-96,63
1179,-95,63
1180,-94,63
1181,-93,63
1182,-92,63
1183,-91,63
1184,-90,63
1185,-89,65
1186,-88,65
1187,-87,67
1188,-86,67
1189,-85,67
1190,-84,67
1191,-83,67
1192,-82,68
1193,-81,68
1194,-80,68
1195,-79,68
1196,-78,67
1197,-77,68
1198,-76,68
1199,-75,69
1200,-74,68
1201,-73,69
1202,-72,68
1203,-71,68
1204,-70,69
1205,-69,68
1206,-68,69
1207,-67,68
1208,-66,68
1209,-65,69
1210,-64,68
1211,-63,68
1212,-62,68
1213,-61,68
1214,-60,68
1215,-59,68
1216,-58,68
1217,-57,68
1218,-56,68
1219,-55,68
1220,-54,68
1221,-53,68
1222,-52,67
1223,-51,68
1224,-50,68
1225,-49,67
1226,-48,68
1227,-47,68
1228,-46,68
1229,-45,69
1230,-44,69
1231,-43,70
1232,-42,69
1233,-41,70
1234,-40,67
1235,-39,69
1236,-38,69
1237,-37,70
1238,-36,70
1239,-35,70
1240,-34,69
1241,-33,70
1242,-32,68
1243,-31,70
1244,-30,70
1245,-29,70
1246,-28,68
1247,-27,66
1248,-26,62
1249,-25,62
1250,-24,62
1251,-23,64
1252,-22,67
1253,-21,69
1254,-20,68
1255,-19,69
1256,-18,68
1257,-17,68
1258,-16,69
1259,-15,70
1260,-14,69
1261,-13,71
1262,-12,71
1263,-11,71
1264,-10,70
1265,-9,70
1266,-8,68
1267,-7,69
1268,-6,69
1269,-5,69
1270,-4,68
1271,-3,69
1272,-2,69
1273,-1,70
1274,0,68
1275,1,68
1276,2,68
1277,3,69
1278,4,67
1279,5,69
1280,6,70
1281,7,71
1282,8,69
1283,9,69
1284,10,70
1285,11,70
1286,12,71
1287,13,74
1288,14,75
1289,15,77
1290,16,77
1291,17,76
1292,18,77
1293,19,79
1294,20,78
1295,21,78
1296,22,79
1297,23,80
1298,24,77
1299,25,79
1300,26,76
1301,27,79
1302,28,71
1303,29,75
1304,30,60
1305,31,64
1306,32,68
1307,33,61
1308,34,60
1309,35,52
1310,36,60
1311,37,56
1312,38,1
1313,39,1
1314,40,1
1315,41,1
1316,42,1
1317,43,524
1318,44,1
1319,45,1
1320,46,476
1321,47,1
1322,48,1
1323,49,1
1324,50,1
1325,51,486
1326,52,1
1327,53,480
1328,54,500
1329,55,483
1330,56,477
1331,57,483
1332,58,476
1333,59,479
1334,60,470
1335,61,490
1336,62,469
1337,63,491
1338,64,440
1339,65,472
1340,66,1
1341,67,1
1342,68,1
1343,69,1
1344,70,1
1345,71,1
1346,72,1
1347,73,1
1348,74,1
1349,75,1
1350,76,1
1351,77,1
1352,78,1
1353,79,284
1354,80,1
1355,81,312
1356,82,1
1357,83,1
1358,84,302
1359,85,275
1360,86,1
1361,87,1
1362,88,1
1363,89,291
1364,90,321
1365,91,1
1366,92,1
1367,93,1
1368,94,1
1369,95,1
1370,96,1
1371,97,317
1372,98,1
1373,99,1
1374,100,1
1375,101,1
1376,102,1
1377,103,1
1378,104,1
1379,105,1
1380,106,1
1381,107,1
1382,108,1
1383,109,1
1384,110,1
1385,111,1
1386,112,1
1387,113,1
1388,114,1
1389,115,1
1390,116,1
1391,117,1
1392,118,1
1393,119,1
1394,120,1
1395,121,1
1396,122,1
1397,123,12
1398,124,1
1399,125,1
1400,126,5
1401,127,5
1402,128,8
1403,129,23
1404,130,37
1405,131,7
1406,132,1
1407,133,5
1408,134,10
1409,135,9
1410,136,14
1411,137,5
1412,138,15
1413,139,5
1414,140,5
1415,141,15
1416,142,5
1417,143,5
1418,144,5
1419,145,12
1420,146,5
1421,147,9
1422,148,23
1423,149,13
1424,150,13
1425,151,10
1426,152,32
1427,153,38
1428,154,20
1429,155,29
1430,156,5
1431,157,5
1432,158,5
1433,159,40
1434,160,9
1435,161,15
1436,162,49
1437,163,33
1438,164,23
1439,165,17
1440,166,44
1441,167,14
1442,168,37
1443,169,48
1444,170,5
1445,171,22
1446,172,27
1447,173,24
1448,174,45
1449,175,23
1450,176,40
1451,177,20
1452,178,18
1453,179,24
1454,180,23
1455,181,24
1456,182,35
1457,183,25
1458,184,15
1459,185,30
1460,186,22
1461,187,50
1462,188,49
1463,189,55
1464,190,62
1465,190,74
1466,191,61
1467,192,68
1468,192,63
1469,193,72
1470,194,68
1471,195,58
1472,196,60
1473,197,55
1474,198,63
1475,199,45
1476,200,60
1477,201,57
1478,202,45
1479,203,22
1480,204,19
1481,205,1
1482,206,363
1483,207,5
1484,208,1
1485,209,5
1486,210,1
1487,211,343
1488,212,1
1489,213,331
1490,214,1
1491,215,329
1492,215,324
1493,216,321
1494,217,330
1495,218,321
1496,219,322
1497,220,312
1498,221,310
1499,222,309
1500,222,313
1501,223,314
1502,224,304
1503,225,306
1504,225,308
1505,226,303
1506,227,306
1507,227,305
1508,228,301
1509,229,305
1510,229,308
1511,230,304
1512,230,305
1513,231,306
1514,231,305
1515,232,304
1516,232,305
1517,233,308
1518,233,307
1519,234,306
1520,234,307
1521,235,311
1522,235,309
1523,236,310
1524,236,321
1525,237,324
1526,237,318
1527,238,329
1528,238,338
1529,239,340
1530,239,336
1531,240,339
1532,240,339
1533,241,343
1534,241,338
1535,242,339
1536,242,339
1537,243,341
1538,243,338
1539,244,341
1540,244,339
1541,245,340
1542,245,333
1543,246,339
1544,246,338
1545,247,338
1546,247,337
1547,248,339
1548,248,337
1549,249,339
1550,249,334
1551,250,337
1552,250,339
1553,250,338
1554,251,338
1555,251,339
1556,251,339
1557,252,336
1558,252,339
1559,252,339
1560,253,334
1561,253,339
1562,253,339
1563,254,337
1564,254,338
1565,254,339
1566,254,338
1567,255,337
1568,255,339
1569,255,341
1570,255,339
1571,255,338
1572,256,336
1573,256,338
1574,256,338
1575,256,338
1576,256,339
1577,256,337
1578,256,338
1579,256,338
1580,255,338
1581,255,337
1582,255,339
1583,255,338
1584,255,338
1585,254,335
1586,254,339
1587,254,338
1588,254,337
1589,253,336
1590,253,338
1591,253,336
1592,252,337
1593,252,338
1594,252,337
1595,251,335
1596,251,337
1597,251,335
1598,250,339
1599,250,338
1600,250,339
1601,249,337
1602,249,337
1603,248,338
1604,248,339
1605,247,335
1606,247,337
1607,246,335
1608,246,341
1609,245,337
1610,245,341
1611,244,336
1612,244,341
1613,243,337
1614,243,340
1615,242,338
1616,242,339
1617,241,338
1618,241,341
1619,240,338
1620,240,339
1621,239,337
1622,239,339
1623,238,333
1624,238,336
1625,237,334
1626,237,324
1627,236,314
1628,236,318
1629,235,317
1630,235,314
1631,234,307
1632,234,308
1633,233,306
1634,233,308
1635,232,306
1636,232,305
1637,231,306
1638,231,309
1639,230,305
1640,230,306
1641,229,305
1642,229,304
1643,228,305
1644,228,303
1645,227,306
1646,226,304
1647,225,305
1648,224,309
1649,223,307
1650,222,305
1651,221,310
1652,220,310
1653,219,310
1654,218,312
1655,217,317
1656,216,312
1657,215,326
1658,214,332
1659,213,1
1660,212,5
1661,211,1
1662,210,5
1663,209,1
1664,208,1
1665,207,1
1666,206,5
1667,205,365
1668,204,1
1669,203,5
1670,202,20
1671,201,51
1672,200,49
1673,199,55
1674,198,45
1675,197,53
1676,196,50
1677,195,58
1678,194,57
1679,193,57
1680,192,69
1681,191,65
1682,190,71
1683,189,65
1684,188,62
1685,187,62
1686,186,47
1687,185,62
1688,184,38
1689,183,43
1690,182,35
1691,181,27
1692,180,17
1693,179,25
1694,178,39
1695,177,28
1696,176,22
1697,175,22
1698,174,34
1699,173,24
1700,172,20
1701,171,37
1702,170,10
1703,169,19
1704,168,28
1705,167,24
1706,166,29
1707,165,33
1708,164,33
1709,163,44
1710,162,29
1711,161,30
1712,160,8
1713,159,18
1714,158,38
1715,157,35
1716,156,22
1717,155,32
1718,154,27
1719,153,25
1720,152,5
1721,151,19
1722,150,8
1723,149,1
1724,148,49
1725,147,13
1726,146,24
1727,145,50
1728,144,43
1729,143,5
1730,142,5
1731,141,28
1732,140,8
1733,139,7
1734,138,20
1735,137,5
1736,136,5
1737,135,19
1738,134,18
1739,133,32
1740,132,24
1741,131,18
1742,130,15
1743,129,13
1744,128,7
1745,127,9
1746,126,13
1747,125,8
1748,124,4
1749,123,5
1750,122,12
1751,121,8
1752,120,5
1753,119,5
1754,118,39
1755,117,19
1756,116,20
1757,115,1
1758,114,49
1759,113,8
1760,112,10
1761,111,18
1762,110,1
1763,109,9
1764,108,1
1765,107,1
1766,106,1
1767,105,1
1768,104,1
1769,103,1
1770,102,1
1771,101,1
1772,100,1
1773,99,1
1774,98,1
1775,97,1
1776,96,1
1777,95,1
1778,94,1
1779,93,1
1780,92,1
1781,91,1
1782,90,1
1783,89,1
1784,88,1
1785,87,1
1786,86,1
1787,85,356
1788,84,316
1789,83,1
1790,82,1
1791,81,1
1792,80,318
1793,79,321
1794,78,1
1795,77,319
1796,76,1
1797,75,293
1798,74,1
1799,73,301
1800,72,1
1801,71,1
1802,70,279
1803,69,1
1804,68,1
1805,67,1
1806,66,1
1807,65,1
1808,64,1
1809,63,1
1810,62,1
1811,61,285
1812,60,297
1813,59,1
1814,58,1
1815,57,1
1816,56,1
1817,55,1
1818,54,1
1819,53,1
1820,52,1
1821,51,478
1822,50,481
1823,49,1
1824,48,470
1825,47,481
1826,46,487
1827,45,483
1828,44,498
1829,43,488
1830,42,488
1831,41,486
1832,40,471
1833,39,471
1834,38,1
1835,37,483
1836,36,480
1837,35,478
1838,34,483
1839,33,1
1840,32,453
1841,31,1
1842,30,1
1843,29,1
1844,28,509
1845,27,1
1846,26,1
1847,25,70
1848,24,34
1849,23,56
1850,22,53
1851,21,55
1852,20,70
1853,19,61
1854,18,68
1855,17,72
1856,16,75
1857,15,72
1858,14,75
1859,13,75
1860,12,74
1861,11,73
1862,10,74
1863,9,74
1864,8,74
1865,7,72
1866,6,69
1867,5,67
1868,4,66
1869,3,65
1870,2,66
1871,1,65
1872,0,62
1873,-1,62
1874,-2,62
1875,-3,62
1876,-4,61
1877,-5,61
1878,-6,63
1879,-7,62
1880,-8,62
1881,-9,62
1882,-10,63
1883,-11,62
1884,-12,62
1885,-13,62
1886,-14,63
1887,-15,63
1888,-16,65
1889,-17,64
1890,-18,65
1891,-19,65
1892,-20,64
1893,-21,64
1894,-22,64
1895,-23,63
1896,-24,64
1897,-25,63
1898,-26,64
1899,-27,64
1900,-28,63
1901,-29,62
1902,-30,60
1903,-31,59
1904,-32,59
1905,-33,59
1906,-34,60
1907,-35,62
1908,-36,63
1909,-37,64
1910,-38,67
1911,-39,67
1912,-40,67
1913,-41,68
1914,-42,68
1915,-43,68
1916,-44,67
1917,-45,67
1918,-46,69
1919,-47,68
1920,-48,68
1921,-49,68
1922,-50,68
1923,-51,68
1924,-52,69
1925,-53,69
1926,-54,70
1927,-55,69
1928,-56,69
1929,-57,69
1930,-58,69
1931,-59,68
1932,-60,68
1933,-61,69
1934,-62,69
1935,-63,69
1936,-64,70
1937,-65,70
1938,-66,71
1939,-67,70
1940,-68,70
1941,-69,71
1942,-70,71
1943,-71,70
1944,-72,71
1945,-73,69
1946,-74,72
1947,-75,71
1948,-76,70
1949,-77,70
1950,-78,72
1951,-79,71
1952,-80,71
1953,-81,71
1954,-82,70
1955,-83,70
1956,-84,72
1957,-85,71
1958,-86,72
1959,-87,72
1960,-88,72
1961,-89,72
1962,-90,69
1963,-91,68
1964,-92,67
1965,-93,66
1966,-94,66
1967,-95,67
1968,-96,66
1969,-97,65
1970,-98,65
1971,-99,66
1972,-100,66
1973,-101,65
1974,-102,66
1975,-103,65
1976,-104,66
1977,-105,66
1978,-106,66
1979,-107,66
1980,-108,66
1981,-109,66
1982,-110,66
1983,-111,66
1984,-112,66
1985,-113,67
1986,-114,67
1987,-115,66
1988,-116,67
1989,-117,67
1990,-118,67
1991,-119,67
1992,-120,68
1993,-121,68
1994,-122,72
1995,-123,73
1996,-124,75
1997,-125,76
1998,-126,79
1999,-127,80
2000,-128,87
2001,-129,100
2002,-130,110
2003,-131,115
2004,-132,120
2005,-133,114
2006,-134,120
2007,-135,118
2008,-136,139
2009,-137,124
2010,-138,121
2011,-139,117
2012,-140,123
2013,-141,121
2014,-142,121
2015,-143,113
2016,-144,110
2017,-145,110
2018,-146,111
2019,-147,107
2020,-148,107
2021,-149,106
2022,-150,107
2023,-151,103
2024,-152,104
2025,-153,105
2026,-154,105
2027,-155,105
2028,-156,110
2029,-157,103
2030,-158,103
2031,-159,107
2032,-160,106
2033,-161,99
2034,-162,101
2035,-163,99
2036,-164,93
2037,-165,88
2038,-166,79
2039,-167,77
2040,-168,75
2041,-169,74
2042,-170,71
2043,-171,69
2044,-172,65
2045,-173,63
2046,-174,62
2047,-175,63
2048,-176,62
2049,-177,61
2050,-178,62
2051,-179,62
2052,-180,62
2053,-181,62
2054,-182,62
2055,-183,62
2056,-184,61
2057,-185,61
2058,-186,62
2059,-187,61
2060,-188,61
2061,-189,61
2062,-190,61
2063,-191,62
2064,-192,62
2065,-193,62
2066,-194,62
2067,-195,62
2068,-196,63
2069,-197,63
2070,-198,63
2071,-199,63
2072,-200,64
2073,-201,65
2074,-202,65
2075,-203,67
2076,-204,70
2077,-205,72
2078,-206,75
2079,-207,78
2080,-208,80
2081,-209,81
2082,-210,83
2083,-211,82
2084,-212,82
2085,-213,82
2086,-214,82
2087,-215,82
2088,-216,81
2089,-217,82
2090,-218,82
2091,-219,82
2092,-220,82
2093,-221,81
2094,-222,81
2095,-223,81
2096,-224,80
2097,-225,81
2098,-226,81
2099,-227,80
2100,-228,81
2101,-228,80
2102,-229,80
2103,-229,80
2104,-230,80
2105,-230,80
2106,-231,79
2107,-231,81
2108,-232,80
2109,-232,80
2110,-233,80
2111,-233,81
2112,-234,80
2113,-234,82
2114,-235,81
2115,-235,81
2116,-236,82
2117,-236,83
2118,-237,82
2119,-237,81
2120,-238,81
2121,-238,81
2122,-239,80
2123,-239,81
2124,-240,82
2125,-240,80
2126,-241,82
2127,-241,79
2128,-242,79
2129,-242,80
2130,-243,73
2131,-243,66
2132,-244,64
2133,-244,61
2134,-245,62
2135,-245,52
2136,-246,59
2137,-246,58
2138,-247,64
2139,-247,65
2140,-248,65
2141,-248,48
2142,-249,59
2143,-249,60
2144,-250,72
2145,-250,61
2146,-250,58
2147,-251,57
2148,-251,45
2149,-251,42
2150,-252,55
2151,-252,55
2152,-252,53
2153,-253,53
2154,-253,52
2155,-253,56
2156,-254,49
2157,-254,50
2158,-254,49
2159,-254,58
2160,-255,57
2161,-255,53
2162,-255,49
2163,-255,51
2164,-255,60
2165,-256,52
2166,-256,56
2167,-256,51
2168,-256,51
2169,-256,50
2170,-256,49
2171,-256,51
2172,-256,49
2173,-255,49
2174,-255,49
2175,-255,54
2176,-255,57
2177,-255,51
2178,-254,47
2179,-254,50
2180,-254,48
2181,-254,45
2182,-253,48
2183,-253,59
2184,-253,49
2185,-252,49
2186,-252,45
2187,-252,42
2188,-251,50
2189,-251,50
2190,-251,48
2191,-250,59
2192,-250,59
2193,-250,56
2194,-249,62
2195,-249,65
2196,-248,54
2197,-248,61
2198,-247,62
2199,-247,64
2200,-246,63
2201,-246,73
2202,-245,64
2203,-245,64
2204,-244,66
2205,-244,56
2206,-243,62
2207,-243,73
2208,-242,62
2209,-242,75
2210,-241,77
2211,-241,81
2212,-240,78
2213,-240,81
2214,-239,79
2215,-239,79
2216,-238,82
2217,-238,82
2218,-237,82
2219,-237,82
2220,-236,80
2221,-236,81
2222,-235,80
2223,-235,83
2224,-234,81
2225,-234,81
2226,-233,80
2227,-233,80
2228,-232,78
2229,-232,80
2230,-231,80
2231,-231,80
2232,-230,79
2233,-230,79
2234,-229,80
2235,-229,80
2236,-228,79
2237,-228,80
2238,-227,79
2239,-226,79
2240,-225,80
2241,-224,79
2242,-223,80
2243,-222,81
2244,-221,80
2245,-220,80
2246,-219,81
2247,-218,81
2248,-217,80
2249,-216,80
2250,-215,80
2251,-214,80
2252,-213,80
2253,-212,79
2254,-211,80
2255,-210,80
2256,-209,80
2257,-208,79
2258,-207,77
2259,-206,75
2260,-205,73
2261,-204,71
2262,-203,67
2263,-202,66
2264,-201,63
2265,-200,63
2266,-199,64
2267,-198,63
2268,-197,63
2269,-196,62
2270,-195,63
2271,-194,62
2272,-193,63
2273,-192,62
2274,-191,63
2275,-190,63
2276,-189,63
2277,-188,62
2278,-187,63
2279,-186,62
2280,-185,62
2281,-184,62
2282,-183,62
2283,-182,61
2284,-181,62
2285,-180,61
2286,-179,61
2287,-178,61
2288,-177,61
2289,-176,61
2290,-175,62
2291,-174,61
2292,-173,61
2293,-172,62
2294,-171,63
2295,-170,64
2296,-169,69
2297,-168,69
2298,-167,73
2299,-166,74
2300,-165,76
2301,-164,76
2302,-163,91
2303,-162,91
2304,-161,100
2305,-160,107
2306,-159,107
2307,-158,108
2308,-157,116
2309,-156,110
2310,-155,107
2311,-154,112
2312,-153,109
2313,-152,107
2314,-151,105
2315,-150,102
2316,-149,110
2317,-148,109
2318,-147,111
2319,-146,106
2320,-145,110
2321,-144,111
2322,-143,114
2323,-142,115
2324,-141,118
2325,-140,111
2326,-139,112
2327,-138,127
2328,-137,134
2329,-136,140
2330,-135,148
2331,-134,141
2332,-133,136
2333,-132,138
2334,-131,125
2335,-130,121
2336,-129,122
2337,-128,119
2338,-127,98
2339,-126,87
2340,-125,80
2341,-124,76
2342,-123,74
2343,-122,72
2344,-121,71
2345,-120,69
2346,-119,69
2347,-118,69
2348,-117,68
2349,-116,66
2350,-115,66
2351,-114,66
2352,-113,65
2353,-112,65
2354,-111,65
2355,-110,65
2356,-109,65
2357,-108,64
2358,-107,65
2359,-106,64
2360,-105,65
2361,-104,64
2362,-103,64
2363,-102,63
2364,-101,64
2365,-100,64
2366,-99,63
2367,-98,64
2368,-97,64
2369,-96,64
2370,-95,63
2371,-94,63
2372,-93,64
2373,-92,63
2374,-91,63
2375,-90,63
2376,-89,64
2377,-88,63
2378,-87,66
2379,-86,67
2380,-85,68
2381,-84,68
2382,-83,68
2383,-82,68
2384,-81,69
2385,-80,68
2386,-79,68
2387,-78,68
2388,-77,68
2389,-76,69
2390,-75,68
2391,-74,69
2392,-73,68
2393,-72,68
2394,-71,69
2395,-70,69
2396,-69,69
2397,-68,68
2398,-67,69
2399,-66,69
2400,-65,69
2401,-64,69
2402,-63,68
2403,-62,67
2404,-61,67
2405,-60,68
2406,-59,69
2407,-58,69
2408,-57,70
2409,-56,69
2410,-55,69
2411,-54,69
2412,-53,70
2413,-52,69
2414,-51,68
2415,-50,70
2416,-49,69
2417,-48,69
2418,-47,69
2419,-46,69
2420,-45,70
2421,-44,69
2422,-43,70
2423,-42,69
2424,-41,70
2425,-40,67
2426,-39,70
2427,-38,70
2428,-37,69
2429,-36,69
2430,-35,70
2431,-34,70
2432,-33,70
2433,-32,68
2434,-31,69
2435,-30,69
2436,-29,69
2437,-28,68
2438,-27,65
2439,-26,62
2440,-25,62
2441,-24,62
2442,-23,65
2443,-22,67
2444,-21,68
2445,-20,67
2446,-19,68
2447,-18,69
2448,-17,70
2449,-16,69
2450,-15,69
2451,-14,69
2452,-13,70
2453,-12,69
2454,-11,71
2455,-10,70
2456,-9,69
2457,-8,68
2458,-7,69
2459,-6,69
2460,-5,70
2461,-4,68
2462,-3,70
2463,-2,69
2464,-1,70
2465,0,68
2466,1,69
2467,2,68
2468,3,69
2469,4,68
2470,5,70
2471,6,69
2472,7,69
2473,8,69
2474,9,71
2475,10,70
2476,11,70
2477,12,71
2478,13,75
2479,14,74
2480,15,77
2481,16,77
2482,17,78
2483,18,76
2484,19,79
2485,20,78
2486,21,80
2487,22,80
2488,23,79
2489,24,77
2490,25,75
2491,26,74
2492,27,71
2493,28,68
2494,29,56
2495,30,63
2496,31,64
2497,32,63
2498,33,64
2499,34,74
2500,35,61
